window,top_col,target_col,T_in_col,n,bias_C,mae_C,rmse_C,max_abs_error_C,sim_amp_C,obs_amp_C,amp_err_C,corr,score
CAM_WINDOW,T3Kb,T3Ke,T1Ka,3464,-0.14266969277690003,0.3685830987833312,0.5503607334061608,1.4435210407958472,8.159774388662527,7.845507999999999,0.3142663886625279,0.9718121163812545,0.7074939277374247
CAM_WINDOW,T3Kd,T1Kd,T1Ka,3464,0.12886065207325467,0.40138751581138005,0.48112358628147245,1.1304695563438152,3.7841410805042415,2.8747739999999986,0.9093670805042429,0.9299475640270249,0.9358071265335939
CAM_WINDOW,T3Ka,T3Kd,T1Ka,3464,0.29301240945036394,0.6384847729101824,0.7295554575675155,1.3685220295946543,4.356725342338734,3.8337749999999993,0.5229503423387349,0.8261635476684758,0.991030628736883
CAM_WINDOW,T1Kc,T3Ke,T1Ka,3464,-0.30934945494355665,0.4858555116699335,0.7443653972438313,1.9284391733617987,7.349804213367349,7.845507999999999,-0.49570378663264947,0.9535203391308391,0.9922172905601561
CAM_WINDOW,T1A,T1Kd,T1Ka,3464,-0.3811619824010458,0.5104877949536964,0.6680946034010634,1.8348885870302958,3.5305716363394595,2.8747739999999986,0.6557976363394609,0.8201312957548552,0.9959934215707938
CAM_WINDOW,T2A2,T1A,T1Ka,3464,-0.1722710192207242,0.7919783337088786,0.8876961082854469,1.779291611266057,4.823563953878022,4.474755000000002,0.34880895387802013,0.8001700749787064,1.062100585224457
CAM_WINDOW,T1Kb,T3Ke,T1Ka,3464,-0.19453951057346786,0.38754163764903443,0.5596544305378874,1.8373660312858462,6.830621678195655,7.845507999999999,-1.0148863218043438,0.976346653698171,1.0670975914400593
CAM_WINDOW,T1A,T3Kd,T1Ka,3464,-0.5700208349605586,0.647569738439526,0.9430712634636248,2.1209891449861935,3.5305716363394595,3.8337749999999993,-0.3032033636605398,0.7141921212770996,1.0946729452938948
CAM_WINDOW,T1Kd,T3Kd,T1Ka,3464,-0.21152338286663525,0.4501926402022145,0.5801346652412612,1.3467889950204537,2.7914215770746864,3.8337749999999993,-1.0423534229253129,0.857322138329876,1.1013113767039178
CAM_WINDOW,T3Kd,T1A,T1Ka,3464,0.6510362221949533,0.6554372926890178,0.7577299696987415,1.6901372365079368,3.7841410805042415,4.474755000000002,-0.6906139194957603,0.9270143560619036,1.1030369294466218
CAM_WINDOW,T3Kd,T3Ka,T1Ka,3464,-0.5954688755690541,0.5979310584817842,0.6730417699008336,1.4374418943421645,3.784141080504469,4.655486,-0.871344919495531,0.9853304039344807,1.1087142296485992
CAM_WINDOW,T3Kb,T3Kc,T1Ka,3464,-0.11982894306998161,0.7793387239297647,1.0621639725357803,2.961400468279443,8.159774388662527,8.261638999999999,-0.10186461133747216,0.8973580428455196,1.1130962782045164
CAM_WINDOW,T3Ka,T1A,T1Ka,3464,1.004046832131555,1.0040915289570873,1.0816811021343657,2.345056354020457,4.356725342338507,4.474755000000002,-0.11802965766149498,0.9472987776681975,1.1406959309651132
CAM_WINDOW,T2Kd,T1Ke,T1Ka,3464,0.15035732006151084,0.810292215437966,1.0698710411685792,4.139277273870242,9.122626235480482,8.933400999999996,0.1892252354804853,0.9007273161151081,1.1644836589088219
CAM_WINDOW,T3Kb,T1Ke,T1Ka,3464,-0.030313966280877163,0.5355921769474388,0.8010995758913975,3.8893777174222564,8.159774388662527,8.933400999999996,-0.7736266113374697,0.9395076236749829,1.1879128815601323
CAM_WINDOW,T1Ta,T1Tb,T1Ka,3464,-0.32297715425194184,0.7292329012070774,0.8183030806012765,3.0584140268741393,13.891700587079015,13.027245000000004,0.8644555870790107,0.9858676557722271,1.250530874140782
CAM_WINDOW,T3Kc,T3Ke,T1Ka,3464,-0.19751218526517675,0.5389869554483242,0.6853120069556526,1.750158210662157,6.650991174704927,7.845507999999999,-1.1945168252950715,0.9645609342645612,1.2825704196031884
CAM_WINDOW,T2Kc,T1Ke,T1Ka,3464,0.09750019513957953,0.9460383555794963,1.2457103448395241,4.661770903987154,9.140650175528378,8.933400999999996,0.20724917552838207,0.8644103370588354,1.3493349326037152
CAM_WINDOW,T2A,T1Kd,T1Ka,3464,-1.2847299743363978,1.2847299743363978,1.3806641835298061,2.77316323112667,2.8532513261578174,2.8747739999999986,-0.021522673842181206,0.7422194475710453,1.3914255204508967
CAM_WINDOW,T1Kd,T1A,T1Ka,3464,0.49951103981457556,0.5125517922367037,0.6069872607805921,1.5271002446243145,2.791421577074402,4.474755000000002,-1.6833334229255996,0.9508854401322138,1.4486539722433918
CAM_WINDOW,T2A2,T3Kd,T1Ka,3464,-0.8833054419019433,0.8925160529371617,0.9985764791274707,1.678322090920691,4.823563953878306,3.8337749999999993,0.9897889538783069,0.9858793128340041,1.4934709560666242
CAM_WINDOW,T3Ke,T3Ka,T1Ka,3464,-0.17965713434243558,0.5837819513103546,0.6436868097969745,1.207709533956546,6.372140471123885,4.655486,1.716654471123885,0.9749668716640343,1.502014045358917
CAM_WINDOW,T2Kd,T3Ke,T1Ka,3464,0.0380015935655096,0.6723256948741985,0.9005897124134752,2.3626179387125674,9.122626235480482,7.845507999999999,1.2771182354804829,0.9273576561440381,1.5391488301537166
CAM_WINDOW,T1Ta2,T2A,T1Ka,3464,0.21231828916742798,0.736410391132902,0.86360194728307,1.903860992269859,3.9454582819643065,2.5753900000000023,1.3700682819643042,0.7117817934766308,1.5486360882652221
CAM_WINDOW,T1Ta2,T1A,T1Ka,3464,-1.115184166445312,1.161397416026254,1.2889910495985666,2.0985352196366236,3.9454582819643065,4.474755000000002,-0.5292967180356953,0.8355159774707913,1.5536394086164143
CAM_WINDOW,T3Ka,T1Kd,T1Ka,3464,0.48187126200979996,0.679610273835818,0.8135363757446592,1.7143225514886247,4.356725342338507,2.8747739999999986,1.4819513423385082,0.8873552263689826,1.5545120469139133
CAM_WINDOW,T1Ke,T3Ka,T1Ka,3464,-0.2416473346895711,0.6515672321367357,0.7412354126440589,1.5174123445910546,6.3792292932772625,4.655486,1.7237432932772627,0.962508266888827,1.6031070592826904
CAM_WINDOW,T2A2,T3Ka,T1Ka,3464,-1.418776116984742,1.4204863338874403,1.5295487565678783,2.6785316045295673,4.823563953878306,4.655486,0.16807795387830637,0.9198464658431803,1.6135877335070314
CAM_WINDOW,T1Ke,T3Ke,T1Ka,3464,-0.25520394805605784,0.7384933195454711,0.9288596226135362,2.156583254411405,6.37922929327766,7.845507999999999,-1.4662787067223384,0.9216290855188523,1.6619989759747054
CAM_WINDOW,T1Kc,T3Kc,T1Ka,3464,-0.286508705236659,0.8673766986275149,1.220807159116891,3.4239752681207207,7.349804213367349,8.261638999999999,-0.9118347866326495,0.8666903537610351,1.6767245524332157
CAM_WINDOW,T1Kb,T3Kc,T1Ka,3464,-0.1716987608665419,0.7566487777551305,0.9626420537263165,2.4142418618426333,6.830621678195655,8.261638999999999,-1.4310173218043438,0.9211164581998463,1.6781507146284884
CAM_WINDOW,T1Kc,T1Ke,T1Ka,3464,-0.19699372844750995,0.5868139539955881,0.8969404345294171,4.121210568569417,7.349804213367349,8.933400999999996,-1.583596786632647,0.9274444337879025,1.6887388278457407
CAM_WINDOW,T1Tb,T1Ke,T1Ka,3464,-0.03871284268823843,1.0414135052593292,1.3975200697231218,4.975331875637117,9.561352053877954,8.933400999999996,0.6279510538779576,0.838020174005186,1.7114955966621006
CAM_WINDOW,T1Ta,T2Kc,T1Ka,3464,-0.5170956192255406,0.8669282572771911,0.9282924190691982,2.4385069306116236,13.891700587079015,12.323236999999999,1.568463587079016,0.9908023379348452,1.7125242126087064
CAM_WINDOW,T2A,T1A,T1Ka,3464,-0.7625544042146787,0.7666739655090489,0.906716100281169,2.5668393328876746,2.8532513261574195,4.474755000000002,-1.6215036738425823,0.8837497614302414,1.7174679372024602
CAM_WINDOW,T2Kc,T3Ke,T1Ka,3464,-0.014855531356422338,0.7982306128748246,1.0804338182237219,2.489140222111992,9.140650175528378,7.845507999999999,1.2951421755283796,0.8952997803696557,1.7280049059879117
CAM_WINDOW,T1Kb,T1Ke,T1Ka,3464,-0.0821837840774518,0.46596555727668937,0.6941049949895267,3.359182862072238,6.830621678195655,8.933400999999996,-2.1027793218043414,0.9612260477888425,1.7454946558916973
CAM_WINDOW,T2Kd,T3Kc,T1Ka,3464,0.060842343272405494,1.0483703810827933,1.3553282212063387,3.079312308329836,9.122626235480482,8.261638999999999,0.8609872354804828,0.8401232738119466,1.78582183894658
CAM_WINDOW,T3Kc,T3Ka,T1Ka,3464,-0.18395557189872733,0.7578033364390498,0.8188255972525116,1.4187429847751396,6.650991174704302,4.655486,1.9955051747043022,0.9366960490848003,1.8165781846046627
CAM_WINDOW,T1A,T3Ka,T1Ka,3464,-1.105491510043351,1.105491510043351,1.2660262887200446,2.377678978207957,3.5305716363394595,4.655486,-1.1249143636605403,0.8868489567352856,1.8284834705503148
CAM_WINDOW,T1Kd,T3Ka,T1Ka,3464,-0.7469940579494126,0.7835686294870406,0.9321042026310731,1.7933891494575107,2.7914215770746864,4.655486,-1.8640644229253134,0.9656147990209942,1.8641364140937298
CAM_WINDOW,T1Ta,T2Kd,T1Ka,3464,-0.5865454775878399,0.9469599041101473,1.0880074194478562,2.606585207762837,13.891700587079356,12.307118999999997,1.5845815870793594,0.9813833936285419,1.8802982129875359
CAM_WINDOW,T3Kc,T2A2,T1Ka,3464,1.6270576308772469,1.6485806984660207,1.8894944840189665,3.5728458334489837,6.6509911747047,6.622347000000001,0.0286441747046986,0.8608036920212396,1.9038165713713158
CAM_WINDOW,T2Kd,T1Kc,T1Ka,3464,0.2528513071448306,1.1876120714176306,1.4600032533718628,4.214878459156388,9.122626235480482,10.013633000000002,-0.8910067645195205,0.8489306254804264,1.905506635631623
CAM_WINDOW,T1Kb,T2A2,T1Ka,3464,1.6300303055689997,1.634738410200271,1.8287030529662942,3.604630069987465,6.830621678195655,6.622347000000001,0.2082746781956537,0.9071737890165743,1.932840392064121
CAM_WINDOW,T1Tb,T1Kc,T1Ka,3464,0.06378114439507668,1.3900447525471846,1.7622244029473104,5.02357060253761,9.561352053877954,10.013633000000002,-0.4522809461220483,0.7769238987443698,1.9883648760083346
CAM_WINDOW,T2Kc,T3Kc,T1Ka,3464,0.007985218350476548,1.1956482458610707,1.5581776883758531,3.6076088879042274,9.140650175528378,8.261638999999999,0.8790111755283796,0.7896491589872797,1.997683276140043
CAM_WINDOW,T1Ta2,T2A2,T1Ka,3464,-0.5506760614333691,0.7969291151927369,1.1631180014479137,3.3023987669036785,4.946719757387541,6.622347000000001,-1.6756272426124603,0.822713331938961,2.000931622754144
CAM_WINDOW,T3Kc,T1Ke,T1Ka,3464,-0.08515645876921925,0.6125217577840966,0.8664099914267662,4.100653030980162,6.650991174704927,8.933400999999996,-2.282409825295069,0.9383154436765712,2.007614904074301
CAM_WINDOW,T1Ta2,T3Kd,T1Ka,3464,-1.8262185891265366,1.8262185891265366,1.8624106029879217,2.575318045607059,4.155971481068661,3.8337749999999993,0.32219648106866217,0.9588242596889011,2.0235088435222526
CAM_WINDOW,T1Ta,T2Ka,T1Ka,3464,-0.7994697806878241,1.2316415451307237,1.5503712002710264,4.487606011222539,13.891700587078674,14.839446999999996,-0.9477464129213224,0.9388531461353505,2.024244406731688
CAM_WINDOW,T1Ke,T2A2,T1Ka,3464,1.5693658680864049,1.6708636757282591,1.92778346201597,3.808650600764352,6.379229293277433,6.622347000000001,-0.24311770672256827,0.807993673637222,2.0493423153772543
CAM_WINDOW,T2Kc,T1Kc,T1Ka,3464,0.19999418222288345,1.332966768931144,1.622936508098987,4.7139148184153115,9.140650175528378,10.013633000000002,-0.8729828244716238,0.8093342165879159,2.059427920334799
CAM_WINDOW,T3Kb,T1Kc,T1Ka,3464,0.07218002080243566,0.9333553471366116,1.1455443673754753,3.9364621545067635,8.159774388662697,10.013633000000002,-1.853858611337305,0.9101423256639477,2.0724736730441276
CAM_WINDOW,T2A2,T1Kd,T1Ka,3464,-0.6944465893424467,0.9344773062165336,1.1062573626417054,2.2951360909206926,4.823563953878306,2.8747739999999986,1.9487899538783076,0.9097648598830171,2.080652339580859
CAM_WINDOW,T1Kb,T3Ka,T1Ka,3464,-0.1809828972069665,0.8940073631428092,1.0052796645957751,2.204411912645181,6.830621678195655,4.655486,2.1751356781956552,0.8983006561528982,2.0928475036936027
CAM_WINDOW,T1Tb,T3Ke,T1Ka,3464,-0.15106856918420622,0.9368424193134839,1.2607123843381984,2.852735525435399,9.561352053877954,7.845507999999999,1.7158440538779551,0.8687517148039575,2.118634411277176
CAM_WINDOW,T2A,T3Kd,T1Ka,3464,-1.4735888268958701,1.4735888268958701,1.6452759132553831,3.0189915318110145,2.8532513261578174,3.8337749999999993,-0.9805236738421819,0.7042317465470378,2.135537750176474
CAM_WINDOW,T2Kd,T1Kb,T1Ka,3464,0.0935856734132889,1.3361928081393646,1.6789889491042433,4.840537513611089,9.122626235480482,10.036925,-0.9142987645195184,0.7784839087331898,2.1361383313640028
CAM_WINDOW,T3Ke,T3Kd,T1Ka,3464,0.3558135407403304,0.6973317619198526,0.8791523525569713,2.2676954268474496,6.3721404711236005,3.8337749999999993,2.5383654711236012,0.9817933638989579,2.148335088118772
CAM_WINDOW,T2A2,T1Ta2,T1Ka,3464,1.7661238886607935,1.7668851622301134,1.8691883231860977,3.2009313036971,4.823563953878306,5.386839999999999,-0.5632760461216932,0.9063839360989918,2.1508263462469444
CAM_WINDOW,T3Ke,T2A2,T1Ka,3464,1.6313560684335338,1.7567750197230207,2.0278827116573144,3.6614204998104043,6.372140471123885,6.622347000000001,-0.2502065288761166,0.7709894051400059,2.1529859760953727
CAM_WINDOW,T1Ke,T3Kd,T1Ka,3464,0.29382334039326075,0.7267107684439675,0.8851525043902949,2.235147388225055,6.3792292932772625,3.8337749999999993,2.5454542932772632,0.9871170775615606,2.1578796510289266
CAM_WINDOW,T1A,T2A,T1Ka,3464,1.4685160433334303,1.4685160433334303,1.561609973853046,3.2504907219076067,3.7851213569430797,2.5753900000000023,1.2097313569430774,0.8533971910132154,2.1664756523245847
CAM_WINDOW,T1Kc,T2A2,T1Ka,3464,1.5152203611989197,1.6028443888053636,1.86374682858385,4.025224548360054,7.349804213367008,6.622347000000001,0.727457213367007,0.8507992233949345,2.227475435267354
CAM_WINDOW,T1Tb,T1Kb,T1Ka,3464,-0.09548448933642369,1.5406203914858412,2.0292319930367437,5.653740492672576,9.561352053877954,10.036925,-0.47557294612204615,0.6884432128203173,2.267018466097767
CAM_WINDOW,T1Ta2,T1Kd,T1Ka,3464,-1.6373597365670645,1.640936176101504,1.7594188718138157,2.8323527552522307,3.9454582819643065,2.8747739999999986,1.0706842819643079,0.9005171172143583,2.29476101279597
CAM_WINDOW,T1Ke,T3Kc,T1Ka,3464,-0.23236319834910638,1.103519688489656,1.3745545663271692,3.5300456207006548,6.37922929327766,8.261638999999999,-1.8824097067223384,0.8228417237254014,2.315759419688338
CAM_WINDOW,T3Kc,T3Kd,T1Ka,3464,0.351515103184069,0.75478602345809,0.9096874938133439,2.3037618096923254,6.650991174704302,3.8337749999999993,2.8172161747043027,0.9935878412361282,2.3182955811654953
CAM_WINDOW,T2Kc,T1Kb,T1Ka,3464,0.04072854849135209,1.4846275762226042,1.8780832052750784,5.343604143427349,9.140650175528378,10.036925,-0.8962748244716217,0.7228520008937919,2.3262206175108893
CAM_WINDOW,T3Kb,T1Kb,T1Ka,3464,-0.08708561292908362,1.071338226525846,1.4144282025594668,4.566939418762338,8.159774388662697,10.036925,-1.8771506113373029,0.8392562146881754,2.3530035082281184
CAM_WINDOW,T1Kc,T3Ka,T1Ka,3464,-0.2957928415770422,0.9142390974699794,1.0166016263849498,1.9020767958998874,7.349804213366838,4.655486,2.694318213366838,0.9361074362615234,2.3637607330683688
CAM_WINDOW,T3Ke,T3Kc,T1Ka,3464,-0.17037299800198888,1.1827184352152043,1.4228952774565045,3.393538358721848,6.372140471124169,8.261638999999999,-1.88949852887583,0.8056132311090615,2.3676445418944194
CAM_WINDOW,T1Tb,T3Kc,T1Ka,3464,-0.12822781947735445,1.2615573660613488,1.7212273480325457,3.958800539200176,9.561352053877954,8.261638999999999,1.299713053877955,0.7571036100550769,2.3710838749715233
CAM_WINDOW,T1Ta,T3Kb,T1Ka,3464,-0.31510455042508395,1.1303680963986789,1.4078164503784596,5.7456636079531975,13.891700587079526,11.858051999999997,2.0336485870795293,0.9473343957780251,2.424640743918224
CAM_WINDOW,T3Ke,T1Ke,T1Ka,3464,-0.08085802121288765,0.8767750999931618,1.1528335871785145,4.837223150027533,6.372140471124169,8.933400999999996,-2.5612605288758274,0.8751530158916582,2.433463851616428
CAM_WINDOW,T3Ke,T1A,T1Ka,3464,1.0668479634215358,1.1219722113543533,1.4956993865562398,3.647376450419401,6.372140471123487,4.474755000000002,1.897385471123485,0.8671029572851278,2.444392122117982
CAM_WINDOW,T1Ke,T1A,T1Ka,3464,1.0048577630744286,1.109176048356308,1.4963040194182968,3.597176076053426,6.379229293277206,4.474755000000002,1.9044742932772039,0.8524720250356428,2.4485411660568985
CAM_WINDOW,T1Kd,T2A,T1Ka,3464,1.827013495427365,1.827013495427365,1.8869603594393047,3.2500631311044508,3.836058210453018,2.5753900000000023,1.2606682104530158,0.8082710580714771,2.5172944646658126
CAM_WINDOW,T1Kb,T3Kd,T1Ka,3464,0.35448777787583396,0.8367267258640022,1.0227791884203083,2.6674692622057883,6.830621678195655,3.8337749999999993,2.9968466781956558,0.9857309880041741,2.5212025275181364
CAM_WINDOW,T1Ta2,T3Ka,T1Ka,3464,-2.361689264209301,2.361689264209301,2.4100516117380013,3.1682162171570454,4.165968771484415,4.655486,-0.48951722851558443,0.9264748006629707,2.6548102259957935
CAM_WINDOW,T2Ka,T2Kc,T1Ka,3464,-0.06961125415980127,1.6048847332029745,1.9579327534779527,4.023164279366618,10.917413837718698,12.323236999999999,-1.405823162281301,0.7952744804584045,2.660844334618603
CAM_WINDOW,T2A2,T2A,T1Ka,3464,1.1552314363920393,1.1798552622299243,1.5934809934045984,3.384975690798086,4.823563953878022,2.5753900000000023,2.2481739538780197,0.673695709557748,2.717567970343608
CAM_WINDOW,T3Kc,T1A,T1Ka,3464,1.0625495258652788,1.2218048017615804,1.6310155092824792,3.862561898671558,6.650991174704245,4.474755000000002,2.1762361747042434,0.7814039585471518,2.7191335966346006
CAM_WINDOW,T1Kb,T1Kc,T1Ka,3464,0.02031020300588682,0.9087230748749552,1.1465085464318658,3.620409480308574,6.830621678195655,10.013633000000002,-3.183011321804347,0.9251859762431746,2.7380142073340394
CAM_WINDOW,T3Kb,T2A2,T1Ka,3464,1.6819001233655606,1.714168165074838,2.0162599752961587,4.662314078596182,8.159774388662072,6.622347000000001,1.5374273886620706,0.8697318498964384,2.784973669627194
CAM_WINDOW,T2Ka,T1Kc,T1Ka,3464,0.374768083692609,1.8595153027294147,2.3525884856257675,5.458907189782032,10.917413837718698,10.013633000000002,0.9037808377186956,0.6526462785553093,2.8044789044851153
CAM_WINDOW,T1Kc,T3Kd,T1Ka,3464,0.23967783350574598,0.8762984834079731,1.0700082510203994,2.829160727233379,7.349804213366838,3.8337749999999993,3.5160292133668385,0.9913989997116919,2.828022857703819
CAM_WINDOW,T2Kd,T2Kc,T1Ka,3464,-0.1915280307076538,0.9642414891643956,1.2425919756732746,3.9745781292849856,9.122626235480482,12.323236999999999,-3.200610764519517,0.9410971573232048,2.842897357933033
CAM_WINDOW,T1Kc,T1Kb,T1Ka,3464,-0.2537653750957208,1.134744545811904,1.5217677350492333,4.842765146283725,7.349804213367349,10.036925,-2.6871207866326507,0.8152976370279584,2.865328128365559
CAM_WINDOW,T2Ka,T2Kd,T1Ka,3464,-0.13906111252209774,1.8113235787522177,2.1772541137804122,4.56390509015597,10.917413837718698,12.307118999999997,-1.3897051622812988,0.7448050743620046,2.8721066949210616
CAM_WINDOW,T2Ka,T1Tb,T1Ka,3464,0.12450721081383936,1.5802895394969283,1.8379043724199884,3.791493379998812,10.917413837718698,13.027245000000004,-2.1098311622813064,0.8353577358451164,2.8928199535606414
CAM_WINDOW,T1Tb,T2Kc,T1Ka,3464,-0.38059819345739876,1.1562417572798123,1.5174728342598052,4.125631443383234,9.561352053877954,12.323236999999999,-2.761884946122045,0.8928296625643797,2.8984153073208274
CAM_WINDOW,T3Kb,T3Ka,T1Ka,3464,-0.1291130794104378,1.043361174534156,1.1743655651461893,2.9100799810206652,8.159774388662072,4.655486,3.504288388662072,0.9159536547858604,2.9265097594772254
CAM_WINDOW,T1Kb,T1A,T1Ka,3464,1.0655222005570488,1.3163579761364625,1.749455882322845,4.4244796048079245,6.830621678195655,4.474755000000002,2.355866678195653,0.7372623869848615,2.927389221420672
CAM_WINDOW,T2A,T1Ta2,T1Ka,3464,1.1758405036668595,1.4874553443623346,1.6625478871750528,2.849194290692271,2.8532513261578174,5.386839999999999,-2.533588673842182,0.46468845110229223,2.9293422240961435
CAM_WINDOW,T2Ka,T1Ke,T1Ka,3464,0.27227409660935387,1.5126590837030303,1.978740375152282,5.425215605101265,10.917413837718698,8.933400999999996,1.9840128377187014,0.7307608254703822,2.9707467940116326
CAM_WINDOW,T3Kc,T1Kc,T1Ka,3464,0.017337528314128103,1.073386416239568,1.3263898788897195,4.206770498488289,6.650991174704927,10.013633000000002,-3.362641825295075,0.8941080113282135,3.007710791537257
CAM_WINDOW,T2Ka,T1Kb,T1Ka,3464,0.21550244996113146,2.02348594476981,2.584784691727571,6.09146745923136,10.917413837718698,10.036925,0.8804888377186977,0.5565100986293925,3.02502911058692
CAM_WINDOW,T3Ke,T1Kd,T1Ka,3464,0.544672393299856,1.04296529810312,1.2920235663924107,3.0279714172105976,6.3721404711236005,2.8747739999999986,3.497366471123602,0.9342650804998345,3.0407068019542116
CAM_WINDOW,T3Kd,T2A,T1Ka,3464,1.9785386778077356,1.9785386778077356,2.0741592233101236,3.359545319010447,4.512340747792734,2.5753900000000023,1.9369507477927321,0.824510311007192,3.0426345972064897
CAM_WINDOW,T1Ke,T1Kd,T1Ka,3464,0.48268219295274767,1.0729093182994778,1.2928231913442976,2.9923501728616095,6.379229293277206,2.8747739999999986,3.504455293277207,0.9475129715101356,3.045050837982901
CAM_WINDOW,T2A2,T3Ke,T1Ka,3464,-1.432332730351241,1.432332730351241,1.71978551793135,3.897933083049729,5.19038225034825,7.845507999999999,-2.6551257496517486,0.9497142760135654,3.0473483927572245
CAM_WINDOW,T2A,T3Ka,T1Ka,3464,-2.0090595019786677,2.0090595019786677,2.160870792243824,3.71641185645678,2.8532513261578174,4.655486,-1.8022346738421824,0.8205712698618637,3.061988129164915
CAM_WINDOW,T2Ka,T3Kb,T1Ka,3464,0.1323798146406857,2.1053356866124715,2.62620554872218,5.634915827510497,10.917413837718698,11.858051999999997,-0.9406381622812994,0.5973137635654483,3.0965246298628295
CAM_WINDOW,T1Tb,T2Kd,T1Ka,3464,-0.4500480518196595,1.3590761452548035,1.731048161513402,4.024606283934261,9.561352053877954,12.307118999999997,-2.7457669461220426,0.8518288087026221,3.1039316345744234
CAM_WINDOW,T1Kc,T1A,T1Ka,3464,0.9507122561869606,1.2358986394852425,1.6693528126736632,4.378005980537623,7.3498042133665535,4.474755000000002,2.8750492133665517,0.8079754508664462,3.1068774193569393
CAM_WINDOW,T2Kd,T3Kb,T1Ka,3464,0.010463038092842806,1.434070376777155,1.754509427989274,4.270082730740732,9.122626235480482,11.858051999999997,-2.7354257645195155,0.8089314438097772,3.1222223102490316
CAM_WINDOW,T3Kc,T1Kb,T1Ka,3464,-0.14192810541738976,1.161545872858708,1.4488119264229378,4.827274230250914,6.650991174704927,10.036925,-3.385933825295073,0.8374850816540342,3.141778839070474
CAM_WINDOW,T2A,T2A2,T1Ka,3464,-0.19804629920272554,1.3626774651671634,1.64654045649752,4.44149449227001,3.5975064249271327,6.622347000000001,-3.0248405750728686,0.3732945413089926,3.158960744033954
CAM_WINDOW,T2Kd,T1Tb,T1Ka,3464,0.0025904342660149847,0.9960834757883436,1.2193512423105444,3.7696351444438605,9.122626235480482,13.027245000000004,-3.9046187645195225,0.961088556999581,3.171660624570306
CAM_WINDOW,T2Kc,T2Kd,T1Ka,3464,-0.3138350139918524,1.3003790220369373,1.5952497929349108,3.698474950874612,9.140650175528378,12.307118999999997,-3.166468824471618,0.8774600546244062,3.1784842051707196
CAM_WINDOW,T1Tb,T3Kb,T1Ka,3464,-0.17860712465689446,1.6355585929286087,2.081605851897156,4.827746387222241,9.561352053877954,11.858051999999997,-2.296699946122043,0.7294069649095133,3.2299558249581777
CAM_WINDOW,T2A2,T3Kc,T1Ka,3464,-1.4094919806443234,1.4094919806443234,1.925427609273173,4.167581083049676,5.630375134682822,8.261638999999999,-2.6312638653171767,0.8681687882965936,3.2410595419317616
CAM_WINDOW,T3Kd,T2A2,T1Ka,3464,1.2155443272069495,1.6386582596924988,1.823254731391678,3.256457144087122,3.784141080504469,6.622347000000001,-2.8382059194955325,0.6372724674513986,3.2423576911394445
CAM_WINDOW,T3Kc,T1Kd,T1Ka,3464,0.5403739557435512,1.1420263789949845,1.3715676172909237,3.136684228552504,6.650991174704245,2.8747739999999986,3.7762171747042466,0.906938625683089,3.259676204643047
CAM_WINDOW,T2Kc,T1Tb,T1Ka,3464,-0.0502666906559198,1.1224769681960174,1.340261945615579,3.7520392777715514,9.140650175528378,13.027245000000004,-3.8865948244716257,0.9405894208837535,3.283559357851392
CAM_WINDOW,T2Kc,T3Kb,T1Ka,3464,-0.04239408682906536,1.579354724089177,1.9293538235318035,4.514330455802785,9.140650175528378,11.858051999999997,-2.7174018244716187,0.7648009348958155,3.288054735767613
CAM_WINDOW,T3Kb,T2Kc,T1Ka,3464,-0.37219931705002085,0.8959339847544624,1.2096896739379481,3.8563095545540236,8.159774388662527,12.323236999999999,-4.163462611337472,0.9693059996169725,3.2914209796066842
CAM_WINDOW,T2A2,T1Ke,T1Ka,3464,-1.3199770038552,1.3199770038552,1.7069502812594726,5.5070617904145465,5.732736807328024,8.933400999999996,-3.2006641926719723,0.9323222517056309,3.3072823775954587
CAM_WINDOW,T1Ke,T1Kc,T1Ka,3464,-0.0403542344767436,1.2543527124857767,1.4955927571535053,4.201245529226902,6.379229293277717,10.013633000000002,-3.634403706722285,0.8489604306717892,3.312794610514648
CAM_WINDOW,T1Ta,T1Kc,T1Ka,3464,-0.07271628137310253,1.1321395085258648,1.4038429400091241,5.426983607953197,13.891700587079526,10.013633000000002,3.8780675870795243,0.9628702493923386,3.342876733548886
CAM_WINDOW,T1A,T1Ta2,T1Ka,3464,2.079408495602171,2.193988656549437,2.432760619544358,3.8773845466701182,3.5305716363394595,5.386839999999999,-1.85626836366054,0.4186065940543948,3.360894801374628
CAM_WINDOW,T3Ka,T2A2,T1Ka,3464,1.5685549371435061,1.9866483195146976,2.2483425806879436,4.000705091089699,4.356725342338734,6.622347000000001,-2.265621657661267,0.4570256260180617,3.381153409518577
CAM_WINDOW,T2Ka,T3Ke,T1Ka,3464,0.1599183701133031,1.3843683115342693,1.8484052217071054,4.775311798056968,10.917413837718698,7.845507999999999,3.071905837718699,0.762454105999126,3.384358140566455
CAM_WINDOW,T1A,T2A2,T1Ka,3464,0.705521692732598,1.6819425904662832,1.8546709792483123,3.64549055261719,3.5305716363394595,6.622347000000001,-3.091775363660542,0.3163012512999442,3.400558661078583
CAM_WINDOW,T3Ke,T1Kc,T1Ka,3464,0.021635965870368565,1.3409514868229744,1.603159513309834,4.918070356173395,6.372140471124169,10.013633000000002,-3.6414925288758333,0.8197447796003601,3.4239057777477506
CAM_WINDOW,T3Kb,T2Kd,T1Ka,3464,-0.44164917541233206,1.0552716638406419,1.3560336383026226,3.677086543444048,8.159774388662527,12.307118999999997,-4.14734461133747,0.9448790464578097,3.4297059439713573
CAM_WINDOW,T3Kb,T3Kd,T1Ka,3464,0.40635759567241225,0.9926045599542581,1.272840639629663,3.4932885904508595,8.159774388662072,3.8337749999999993,4.325999388662073,0.9891984288512274,3.4358403339606993
CAM_WINDOW,T1Kb,T1Kd,T1Ka,3464,0.5433466304353276,1.2294433096344557,1.470273170471315,3.064860046214566,6.830621678195655,2.8747739999999986,3.9558476781956564,0.9006986874085494,3.448197009569143
CAM_WINDOW,T3Ka,T3Ke,T1Ka,3464,-0.25601487899894315,1.4936477776027486,1.726288070743501,3.777083873614565,4.356725342338848,7.845507999999999,-3.488782657661151,0.6594397241036655,3.4706793995740766
CAM_WINDOW,T2Kc,T3Ka,T1Ka,3464,-0.0012989179899531435,1.0388815780289424,1.2402851709816436,3.5716363982026706,9.140650175527924,4.655486,4.485164175527924,0.9576529839243546,3.4828672587456055
CAM_WINDOW,T2Kd,T3Ka,T1Ka,3464,0.05155820693193369,1.0661960666679184,1.2540435905397742,3.496430911745634,9.122626235480027,4.655486,4.467140235480027,0.9465601898762865,3.487613708279788
CAM_WINDOW,T1Ke,T1Kb,T1Ka,3464,-0.1996198682082397,1.3294423095142898,1.6590077768808806,5.018362089710749,6.379229293277717,10.036925,-3.657695706722283,0.7734364410054032,3.487855630242022
CAM_WINDOW,T3Kd,T1Ta2,T1Ka,3464,2.5894311300764996,2.59356288545695,2.758221867255323,4.149201525636119,3.784141080504469,5.386839999999999,-1.6026989194955306,0.6995665036495643,3.559571327003088
CAM_WINDOW,T3Ke,T1Kb,T1Ka,3464,-0.13762966786110817,1.421187216062562,1.7556496368897232,5.542786860727013,6.372140471124283,10.036925,-3.6647845288757175,0.7380507286490916,3.588041901327582
CAM_WINDOW,T2Kd,T2A2,T1Ka,3464,1.862571409707965,1.8975330034239295,2.35812548598782,5.780064438139849,9.122626235480425,6.622347000000001,2.5002792354804235,0.7998225548884924,3.6082651037280318
CAM_WINDOW,T1Ke,T1Ta2,T1Ka,3464,2.9432526709559887,2.9432526709559887,3.1137643611127093,5.310289253471609,6.3792292932772625,5.386839999999999,0.9923892932772631,0.8417126101598478,3.609959007751341
CAM_WINDOW,T2Ka,T3Kc,T1Ka,3464,0.18275911982020246,1.7400884603423195,2.2906335157462836,5.269755798056966,10.917413837718698,8.261638999999999,2.655774837718699,0.6312007897103848,3.618520934605633
CAM_WINDOW,T1Ta2,T3Ke,T1Ka,3464,-2.375245877575801,2.375245877575801,2.6901185342274574,5.63667103991974,5.978447402184713,7.845507999999999,-1.8670605978152857,0.8883082989121905,3.6236488331351002
CAM_WINDOW,T3Kd,T3Ke,T1Ka,3464,-0.6090254889355254,1.2960612900744501,1.6477185083253634,3.827399742457139,3.847741932884503,7.845507999999999,-3.9977660671154958,0.8026323307060733,3.6466015418831113
CAM_WINDOW,T3Ka,T2A,T1Ka,3464,2.3315492877443047,2.3315492877443047,2.448073339257165,4.120235529527388,4.983319884354444,2.5753900000000023,2.4079298843544414,0.8370465435823693,3.6520382814343857
CAM_WINDOW,T2Kc,T2A2,T1Ka,3464,1.8097142847860366,1.9652681565505636,2.410170909777378,5.885473676048608,9.140650175527924,6.622347000000001,2.5183031755279224,0.7512574878052278,3.669322497541339
CAM_WINDOW,T3Ke,T1Ta2,T1Ka,3464,3.005242871303085,3.005242871303085,3.1862440469918023,5.340953671029496,6.3721404711236005,5.386839999999999,0.9853004711236011,0.8100319679236369,3.678894282553603
CAM_WINDOW,T3Kb,T1Tb,T1Ka,3464,-0.17808085207639496,0.9639181891257944,1.2482095908039628,4.070874543444042,8.159774388662527,13.027245000000004,-4.8674706113374775,0.9780778265452122,3.6819448964727015
CAM_WINDOW,T3Ka,T1Ta2,T1Ka,3464,2.942441740013061,2.946698899264143,3.1799934453206316,4.895359183113438,4.356725342338734,5.386839999999999,-1.0301146576612652,0.5406119928699676,3.695050774151264
CAM_WINDOW,T1Ta,T1Kb,T1Ka,3464,-0.23198191510461164,1.4463548470963759,1.8115310748954283,5.443476607953201,13.891700587079526,10.036925,3.8547755870795264,0.912172619503896,3.7389188684351913
CAM_WINDOW,T1Kc,T1Kd,T1Ka,3464,0.4285366860652259,1.2301517599936276,1.5016246121994172,3.7473133369521143,7.349804213366838,2.8747739999999986,4.475030213366839,0.9228318103328661,3.7391397188828366
CAM_WINDOW,T2A2,T1Kb,T1Ka,3464,-1.3767486505034163,1.3812299009483302,2.1004975655515747,6.218182148517947,6.759031168073079,10.036925,-3.277893831926921,0.8260419679112729,3.739444481515035
CAM_WINDOW,T1Ta2,T3Kc,T1Ka,3464,-2.3524051278689053,2.3524051278689053,2.830671456326664,5.906319039919403,6.418440286519342,8.261638999999999,-1.843198713480657,0.7931186494681175,3.7522708130669926
CAM_WINDOW,T1Kd,T2A2,T1Ka,3464,1.0640191448265608,1.6598022239409402,1.8489428699648398,3.1336554917871986,2.7914215770746864,6.622347000000001,-3.830925422925315,0.516264839403009,3.7644055814274973
CAM_WINDOW,T2A2,T1Kc,T1Ka,3464,-1.2174830167718926,1.2301793983382685,1.9531775450215076,5.667618416613259,6.376046965094076,10.013633000000002,-3.637586034905926,0.8913651597947859,3.7719705624744706
CAM_WINDOW,T3Kc,T1Ta2,T1Ka,3464,3.0009444337468176,3.0009444337468176,3.140154659345821,5.295311939994701,6.650991174704302,5.386839999999999,1.2641511747043026,0.8836952131303502,3.7722302466979722
CAM_WINDOW,T3Kb,T1A,T1Ka,3464,1.1173920183535866,1.4013778173822158,1.9382692283492995,5.41418815762772,8.15977438866173,4.474755000000002,3.685019388661729,0.76234401030003,3.780778922680164
CAM_WINDOW,T1Tb,T3Ka,T1Ka,3464,-0.13751195581775316,1.1405354359787185,1.3424531788876226,3.6863272884719542,9.5613520538775,4.655486,4.905866053877499,0.9607460086002759,3.7953862058263725
CAM_WINDOW,T1Ta2,T1Ke,T1Ka,3464,-2.2628901510797936,2.2628901510797936,2.644486115159161,6.890679812632321,6.520801959164544,8.933400999999996,-2.4125990408354525,0.8732913880608512,3.8507856355768872
CAM_WINDOW,T1Kb,T1Ta2,T1Ka,3464,3.003917108438559,3.003917108438559,3.135432504537123,5.211445290098833,6.830621678195655,5.386839999999999,1.4437816781956556,0.9227346569296567,3.8573233436349508
CAM_WINDOW,T1Tb,T2A2,T1Ka,3464,1.673501246958207,1.9408191329363076,2.4283386462129455,6.074840231928015,9.5613520538775,6.622347000000001,2.939005053877498,0.7152428736120328,3.8978411731516944
CAM_WINDOW,T1Kc,T3Kb,T1Ka,3464,-0.33688801041618577,1.2867808978794713,1.666860337662298,5.224594811151114,7.349804213367349,11.858051999999997,-4.508247786632648,0.8494581336397071,3.920984230978622
CAM_WINDOW,T3Kd,T3Kc,T1Ka,3464,-0.5861847392286039,1.569108646161643,1.9344747378696148,4.280218415822702,4.287734817219018,8.261638999999999,-3.9739041827809807,0.6715491313840034,3.9214268292601053
CAM_WINDOW,T1Kd,T1Ta2,T1Ka,3464,2.437905947696108,2.4544483265434835,2.6615480689925928,3.900934101620752,2.7914215770746864,5.386839999999999,-2.595418422925313,0.5889608654041902,3.9592572804552493
CAM_WINDOW,T1Kc,T2Kc,T1Ka,3464,-0.5388790792166881,1.036392508992309,1.4748515018331885,4.93728073325169,7.349804213367349,12.323236999999999,-4.9734327866326495,0.9492010278691871,3.9615678951495132
CAM_WINDOW,T1A,T3Ke,T1Ka,3464,-1.119048123409804,1.6305046794770586,2.224804974957161,5.131095393346747,4.321391879569774,7.845507999999999,-3.524116120430225,0.5204711264085201,3.9868630351722736
CAM_WINDOW,T3Kd,T1Ke,T1Ka,3464,-0.4966697624395012,1.316091198766831,1.7283898008235168,6.0248708539034155,4.390096489864277,8.933400999999996,-4.5433045101357195,0.7732069507347915,4.0000420558913765
CAM_WINDOW,T3Ka,T3Kc,T1Ka,3464,-0.233174129292033,1.8049683666491778,2.068205685060983,4.262934873614569,4.389339942491858,8.261638999999999,-3.8722990575081404,0.5034295665772197,4.004355213815053
CAM_WINDOW,T1Kb,T3Kb,T1Ka,3464,-0.22207806604609348,1.170038600256998,1.5120353685152204,5.653112088990206,6.830621678195655,11.858051999999997,-5.027430321804342,0.892646856585579,4.025750529417391
CAM_WINDOW,T3Ka,T1Ke,T1Ka,3464,-0.14365915250294062,1.5218775544945173,1.844152631883713,6.083095802816807,4.49170161513706,8.933400999999996,-4.441699384862936,0.6248390588763894,4.065002324315181
CAM_WINDOW,T1Kc,T1Ta2,T1Ka,3464,2.889107164068453,2.889107164068453,3.097166431615998,5.742765313371088,7.349804213366838,5.386839999999999,1.9629642133668384,0.8700657024460755,4.078648538299417
CAM_WINDOW,T1Kd,T3Ke,T1Ka,3464,-0.7605506713158873,1.514019831504508,1.925745145042656,4.552612734176755,3.531304966794721,7.845507999999999,-4.314203033205278,0.7044637595245906,4.082846661645295
CAM_WINDOW,T1Kc,T2Kd,T1Ka,3464,-0.6083289375789451,1.200839703708676,1.6178156869703544,4.6762077332514025,7.349804213367349,12.307118999999997,-4.957314786632647,0.9192115669392285,4.096473080286678
CAM_WINDOW,T1Ta,T1Ke,T1Ka,3464,-0.1752102684564419,1.377846692519039,1.642430138789282,4.891638973555601,13.891700587079015,8.933400999999996,4.9582995870790185,0.9707142410090683,4.121579932328791
CAM_WINDOW,T2Kd,T3Kd,T1Ka,3464,0.5870288820147581,1.1810677267988126,1.507667929500061,4.501460942502881,9.122626235480027,3.8337749999999993,5.288851235480028,0.9834991715699075,4.152093547240074
CAM_WINDOW,T2Kc,T3Kd,T1Ka,3464,0.5341717570928285,1.1813163718988948,1.5217835183558266,4.597662837735395,9.140650175527924,3.8337749999999993,5.306875175527924,0.9714363011577832,4.175221106119789
CAM_WINDOW,T1Ta2,T1Kb,T1Ka,3464,-2.319661797728019,2.319661797728019,2.953656740236571,7.640531276507609,7.547096319909656,10.036925,-2.489828680090344,0.7497855114699219,4.198571080281743
CAM_WINDOW,T1Kb,T2Kc,T1Ka,3464,-0.42406913484660375,0.9778445451239567,1.4654499343946834,5.4109530312855085,6.830621678195655,12.323236999999999,-5.492615321804344,0.9574436128117296,4.211757595296856
CAM_WINDOW,T1Tb,T2Ka,T1Ka,3464,-0.6629723549196022,1.1299755548756787,1.586170216940997,4.962189346012835,9.561352053877954,14.839446999999996,-5.278094946122042,0.9784773936472109,4.225217690002018
CAM_WINDOW,T1A,T3Kc,T1Ka,3464,-1.096207373702902,1.88341563990248,2.4884354523301258,5.461928720541863,4.761384763904346,8.261638999999999,-3.5002542360956532,0.3481316690268107,4.238562570377953
CAM_WINDOW,T1Ta2,T1Kc,T1Ka,3464,-2.160396163996498,2.160396163996498,2.815065979516554,7.392976293272277,7.164112116930596,10.013633000000002,-2.849520883069406,0.822281173921216,4.239826421051257
CAM_WINDOW,T1Kb,T2Kd,T1Ka,3464,-0.4935189932088887,1.1279130484840014,1.5304365178298585,5.172056374254012,6.830621678195655,12.307118999999997,-5.476497321804342,0.9440636173127285,4.26868517873203
CAM_WINDOW,T3Kc,T3Kb,T1Ka,3464,-0.22505074073784886,1.3381365764183444,1.6728358817514133,5.560956812489103,6.650991174704927,11.858051999999997,-5.20706082529507,0.8617146027300797,4.276366294398948
CAM_WINDOW,T1A,T1Ke,T1Ka,3464,-1.006692396913822,1.645440486959046,2.2771486066057225,7.235678147136888,4.8637464365495475,8.933400999999996,-4.069654563450449,0.4874484818897321,4.311975888330947
CAM_WINDOW,T1Kd,T3Kc,T1Ka,3464,-0.7377099216089885,1.7507814851938295,2.1699827695186986,4.822260734176588,3.971297851129407,8.261638999999999,-4.290341148870592,0.5581580872005969,4.315153343953995
CAM_WINDOW,T1Kc,T1Tb,T1Ka,3464,-0.34476061424303167,1.1153238542691484,1.4928650415079692,4.970056026054017,7.349804213367349,13.027245000000004,-5.677440786632655,0.9612621236000433,4.331585434824296
CAM_WINDOW,T3Kb,T1Kd,T1Ka,3464,0.595216448231851,1.3654275549144905,1.7302076565155833,4.574742291695994,8.159774388661901,2.8747739999999986,5.285000388661903,0.8940695067326431,4.372707850846535
CAM_WINDOW,T3Kc,T2Kc,T1Ka,3464,-0.427041809538348,1.1096853067020473,1.5611340909742957,5.314851742493396,6.650991174704927,12.323236999999999,-5.672245825295072,0.9540689303659268,4.3972570036218315
CAM_WINDOW,T2Kc,T1A,T1Ka,3464,1.2452061797740397,1.5087743130042388,2.0669218337282445,5.671413398202162,9.140650175527469,4.474755000000002,4.665895175527467,0.8438575462134972,4.399869421491978
CAM_WINDOW,T2Kd,T2Ka,T1Ka,3464,-0.47390219216990354,1.1329823890064985,1.550538648304784,4.9515202876857956,9.122626235480425,14.839446999999996,-5.716820764519571,0.9896543347030169,4.408949030564569
CAM_WINDOW,T2A,T3Ke,T1Ka,3464,-2.0226161153451536,2.040139850917558,2.8119380877916877,5.994272653875662,4.629234069724362,7.845507999999999,-3.216273930275637,0.5223639143142798,4.420075052929507
CAM_WINDOW,T1Kd,T1Ke,T1Ka,3464,-0.6481949448198705,1.5394454336528405,1.9929362260268288,6.404905500155472,4.073659523774609,8.933400999999996,-4.859741476225388,0.6726001057716648,4.4228069641395225
CAM_WINDOW,T2Kc,T2Ka,T1Ka,3464,-0.5267593170918294,1.1765676950694837,1.5826941779581507,4.894654475728359,9.140650175527924,14.839446999999996,-5.698796824472073,0.9848162945603017,4.432092590194187
CAM_WINDOW,T2Kd,T1A,T1Ka,3464,1.2980633046959797,1.6031508635898284,2.12858546208281,5.5989501745620665,9.122626235479686,4.474755000000002,4.647871235479684,0.8074990093773363,4.452521079822652
CAM_WINDOW,T1Tb,T3Kd,T1Ka,3464,0.3979587192650354,1.2697819973707067,1.6024461596006436,4.767336497092725,9.5613520538775,3.8337749999999993,5.7275770538775,0.9584331011775211,4.466234686539393
CAM_WINDOW,T3Kc,T2Kd,T1Ka,3464,-0.49649166790062105,1.2724953368879532,1.6438043380967098,5.103546210250627,6.650991174704927,12.307118999999997,-5.656127825295069,0.9338798264806043,4.471868250744245
CAM_WINDOW,T3Kd,T1Kb,T1Ka,3464,-0.5534414090876861,1.7228151669354534,2.1897147716387857,6.765779490342432,5.416390850609332,10.036925,-4.620534149390668,0.6062567416858381,4.499981846334119
CAM_WINDOW,T1Ta,T3Kc,T1Ka,3464,-0.2647252452455118,1.4419312357607705,1.7400579948038524,5.294362607953026,13.891700587079015,8.261638999999999,5.630061587079016,0.9474342674587289,4.55508878834336
CAM_WINDOW,T2A,T3Kc,T1Ka,3464,-1.9997753656382298,2.118830149601654,2.9816461600830544,6.403222966083099,5.069226954058934,8.261638999999999,-3.192412045941065,0.37102544306743657,4.5778521830535865
CAM_WINDOW,T1Tb,T1A,T1Ka,3464,1.1089931419462284,1.524520738242487,2.059000820152658,5.7804759139285125,9.561352053877386,4.474755000000002,5.086597053877384,0.8557509543130296,4.60229934709135
CAM_WINDOW,T3Ka,T1Kb,T1Ka,3464,-0.2004307991511043,1.9829215079212876,2.3495844037673077,6.814356444703442,5.517995975882059,10.036925,-4.518929024117941,0.4303989461057689,4.609048915826278
CAM_WINDOW,T1Ke,T3Kb,T1Ka,3464,-0.28274250352868446,1.5182211138355854,1.8747820622317115,5.883731088399138,6.379229293277717,11.858051999999997,-5.47882270672228,0.802371353064081,4.614193415592851
CAM_WINDOW,T3Kd,T1Kc,T1Ka,3464,-0.3941757753561877,1.6750238274184344,2.141064569932333,6.14817698756557,5.033406647630329,10.013633000000002,-4.980226352369673,0.7012275195004437,4.631177746117169
CAM_WINDOW,T1Ke,T2A,T1Ka,3464,2.3323602186872274,2.3323602186872274,2.7326549740295256,5.162799403460802,6.379229293276637,2.5753900000000023,3.803839293276635,0.7292172512829703,4.634574620667843
CAM_WINDOW,T1Kb,T1Tb,T1Ka,3464,-0.22995066987294746,1.116997319973541,1.544167133071827,5.56584437425429,6.830621678195655,13.027245000000004,-6.196623321804349,0.9614027353210806,4.642478793974002
CAM_WINDOW,T3Ke,T2A,T1Ka,3464,2.394350419034325,2.394350419034325,2.768678240377123,5.0317407970121835,6.372140471123373,2.5753900000000023,3.796750471123371,0.7258026780829699,4.6670534759388085
CAM_WINDOW,T2A,T1Ke,T1Ka,3464,-1.9102603888491234,1.954471428873697,2.7955846579282335,8.033750361018647,5.1715886267041355,8.933400999999996,-3.761812373295861,0.5184350277056904,4.676490844576164
CAM_WINDOW,T3Kb,T1Ta2,T1Ka,3464,3.0557869262351156,3.0557869262351156,3.2953197427859693,6.350082587529961,8.159774388662072,5.386839999999999,2.7729343886620725,0.8770059741775548,4.681786937117005
CAM_WINDOW,T1Ke,T2Kc,T1Ka,3464,-0.4847335723291934,1.2863281242918865,1.7145065779066306,5.634873819323353,6.37922929327766,12.323236999999999,-5.9440077067223385,0.9194054832805992,4.6865104312678
CAM_WINDOW,T1Ta,T3Ke,T1Ka,3464,-0.28756599495242735,1.4294753024471336,1.6641296409652273,4.96270463223189,13.891700587079015,7.845507999999999,6.046192587079016,0.9833092464561334,4.687225934504736
CAM_WINDOW,T3Ke,T3Kb,T1Ka,3464,-0.2207523031815911,1.6038122785253766,1.9500520114552373,5.797526423436231,6.372140471124283,11.858051999999997,-5.4859115288757145,0.7781471274363515,4.693007775893094
CAM_WINDOW,T3Ka,T1Kc,T1Ka,3464,-0.04116516541962012,1.9384610397589421,2.2952051022623783,6.1948114478043195,5.135011772903056,10.013633000000002,-4.8786212270969465,0.5414999949277719,4.7345157158108515
CAM_WINDOW,T3Ke,T2Kc,T1Ka,3464,-0.4227433719820679,1.3458919409603383,1.7655907167246145,5.547829424568498,6.372140471124169,12.323236999999999,-5.95109652887583,0.9083432764644409,4.741138981162529
CAM_WINDOW,T1A,T1Kb,T1Ka,3464,-1.0634640435619884,2.033988692569956,2.7136501297572253,7.975104897646538,5.890040797294603,10.036925,-4.146884202705397,0.2848288508366057,4.7870922311099235
CAM_WINDOW,T2Ka,T3Ka,T1Ka,3464,0.1734749834797845,1.3222709936516148,1.672394184965304,5.176516439319709,10.917413837718698,4.655486,6.261927837718698,0.9545110300056817,4.803358103824653
CAM_WINDOW,T3Kc,T1Tb,T1Ka,3464,-0.23292334456467345,1.2297307971125544,1.6156545235140796,5.4973342102507345,6.650991174704927,13.027245000000004,-6.376253825295077,0.9658253041879676,4.803781436161618
CAM_WINDOW,T1Ke,T2Kd,T1Ka,3464,-0.5541834306914659,1.4465565399945788,1.8418645693814801,5.37380081932335,6.37922929327766,12.307118999999997,-5.927889706722336,0.8837144074316284,4.805809422742648
CAM_WINDOW,T3Ke,T2Kd,T1Ka,3464,-0.49219323034431045,1.5084922973448034,1.8877579133046478,5.291455739640881,6.372140471124169,12.307118999999997,-5.934978528875828,0.8714541926087709,4.855247177742561
CAM_WINDOW,T1Kd,T1Kb,T1Ka,3464,-0.7049665914680862,1.8964687093346324,2.4000630121819637,7.1387491009312,5.099953884519607,10.036925,-4.936971115480393,0.49679929654671157,4.86854856992216
CAM_WINDOW,T3Kc,T2A,T1Ka,3464,2.3900519814780448,2.3900519814780448,2.8318271104815707,5.069545376529561,6.650991174704245,2.5753900000000023,4.075601174704243,0.6372000083995065,4.8696276978336925
CAM_WINDOW,T1A,T1Kc,T1Ka,3464,-0.9041984098305147,1.9646469573169567,2.6478832520361144,7.357095619837118,5.5070565943156,10.013633000000002,-4.506576405684402,0.39901128285222653,4.901171454878316
CAM_WINDOW,T2A2,T3Kb,T1Ka,3464,-1.459871285823867,1.4885169365762734,2.374514411690216,7.697023830053233,6.681420126410558,11.858051999999997,-5.176631873589439,0.8499970976618418,4.962830348484935
CAM_WINDOW,T1Kb,T2A,T1Ka,3464,2.3930246561698634,2.3930246561698634,2.902011126728395,5.992777799955455,6.830621678195655,2.5753900000000023,4.255231678195653,0.596117792547234,5.029626965826221
CAM_WINDOW,T1Kd,T1Kc,T1Ka,3464,-0.54570095773658,1.8540529372412775,2.3834212542734154,6.519613568181548,4.716969681540604,10.013633000000002,-5.296663318459398,0.5930989995734455,5.031752913503114
CAM_WINDOW,T2A,T1Kb,T1Ka,3464,-1.9670320354973325,2.16059483878401,3.1349583386307085,8.791672632288403,6.197882987449191,10.036925,-3.8390420125508093,0.3365925536356969,5.054479344906113
CAM_WINDOW,T1Ke,T1Tb,T1Ka,3464,-0.29061510735549634,1.3714675139759953,1.7448930957079034,5.724899248022446,6.37922929327766,13.027245000000004,-6.648015706722344,0.9368756083237787,5.068900949069075
CAM_WINDOW,T2Kc,T1Kd,T1Ka,3464,0.723030609652283,1.5175908405096057,1.9375402182923414,5.40395906744401,9.140650175527696,2.8747739999999986,6.265876175527698,0.9115864174830989,5.07047830605619
CAM_WINDOW,T2Kd,T1Kd,T1Ka,3464,0.7758877345742488,1.552250503471249,1.9505344430271458,5.320066787414142,9.12262623547997,2.8747739999999986,6.2478522354799715,0.9038066391641657,5.074460560767132
CAM_WINDOW,T3Ke,T1Tb,T1Ka,3464,-0.22862490700839846,1.4310507201814142,1.7918728153156989,5.685243739640875,6.372140471123885,13.027245000000004,-6.6551045288761195,0.9306928681438429,5.119425079753759
CAM_WINDOW,T2A,T1Kc,T1Ka,3464,-1.8077664017658184,2.0508033942443555,3.0623693582399127,8.20428454844697,5.814898784470245,10.013633000000002,-4.198734215529758,0.43607988828623523,5.1617364660047915
CAM_WINDOW,T3Kb,T2Ka,T1Ka,3464,-0.654573478512311,1.3239031738646199,1.840634362771827,5.946509816738292,8.159774388662527,14.839446999999996,-6.67967261133747,0.9725583061414653,5.180470668440561
CAM_WINDOW,T2Ka,T2A2,T1Ka,3464,1.9844881862557795,2.4030831570683473,3.051191565310544,7.7229023829124195,10.917413837718698,6.622347000000001,4.2950668377186965,0.5788046860222673,5.198724984169893
CAM_WINDOW,T1Kc,T2A,T1Ka,3464,2.2782147117997162,2.2782147117997162,2.8247622642765218,5.641278835280868,7.3498042133665535,2.5753900000000023,4.774414213366551,0.6787702684204332,5.211969370959798
CAM_WINDOW,T1Tb,T1Kd,T1Ka,3464,0.586817571824502,1.580487393504441,1.9932393789745393,5.535844113397946,9.561352053877386,2.8747739999999986,6.686578053877387,0.9101306969818863,5.336528405913233
CAM_WINDOW,T1Ta2,T3Kb,T1Ka,3464,-2.402784433048437,2.402784433048437,3.2171771231158552,9.418923351474,7.469485278247134,11.858051999999997,-4.388566721752863,0.7744514972762596,5.411460483992286
CAM_WINDOW,T2Kd,T1Ta2,T1Ka,3464,3.236458212577484,3.236458212577484,3.56519318647597,7.500412869793944,9.122626235480027,5.386839999999999,3.7357862354800275,0.826715159035544,5.433086304215983
CAM_WINDOW,T2Kc,T1Ta2,T1Ka,3464,3.183601087655571,3.183601087655571,3.5616572485154903,7.610419220585879,9.140650175527924,5.386839999999999,3.7538101755279243,0.7835560400233403,5.438562336279452
CAM_WINDOW,T1Tb,T1Ta2,T1Ka,3464,3.047388049827747,3.047388049827747,3.5114277246569507,7.821519469301766,9.5613520538775,5.386839999999999,4.1745120538775,0.7550683300930253,5.598683751595701
CAM_WINDOW,T2Ka,T3Kd,T1Ka,3464,0.7089456585626165,1.6030955262139366,2.090312108119976,6.234079726731224,10.917413837718698,3.8337749999999993,7.0836388377186985,0.8959023745190681,5.632131526979325
CAM_WINDOW,T2Ka,T1A,T1Ka,3464,1.419980081243773,1.784116234122307,2.4616516493508414,6.8927718766656625,10.917413837718414,4.474755000000002,6.442658837718412,0.884279642696875,5.682981068210047
CAM_WINDOW,T3Kd,T3Kb,T1Ka,3464,-0.6365640444081657,1.9336191104683516,2.5118164660447073,7.624452088584341,5.338779808946811,11.858051999999997,-6.519272191053187,0.6473387953620228,5.771452561571301
CAM_WINDOW,T1Kc,T2Ka,T1Ka,3464,-0.8212532406789375,1.4526951704687687,2.045292318874491,6.44722568662857,7.349804213367349,14.839446999999996,-7.489642786632647,0.9691464184505433,5.790113712190815
CAM_WINDOW,T2A2,T2Kd,T1Ka,3464,-1.7313122129866678,1.8484487048691538,2.5887074307841558,7.3801201705640125,5.879066024182407,12.307118999999997,-6.4280529758175895,0.905825202319325,5.802733918692951
CAM_WINDOW,T2A2,T2Kc,T1Ka,3464,-1.6618623546243592,1.736315725089607,2.5019096216061705,7.522954896018987,5.636953542309016,12.323236999999999,-6.686283457690983,0.933661850538396,5.845051350451662
CAM_WINDOW,T3Ka,T3Kb,T1Ka,3464,-0.2835534344715958,2.1930142093360163,2.6377146501757807,7.42428627118715,5.440384934219651,11.858051999999997,-6.417667065780346,0.48351145063281586,5.846548183065954
CAM_WINDOW,T3Kb,T2A,T1Ka,3464,2.444894473966355,2.444894473966355,3.0762378632377256,6.563468981018961,8.159774388661333,2.5753900000000023,5.584384388661331,0.6243089706225196,5.868430057568391
CAM_WINDOW,T1A,T3Kb,T1Ka,3464,-1.1465866788824814,2.220319641729664,3.038314421538614,8.926069706549974,5.812429755632138,11.858051999999997,-6.045622244367859,0.3332762893176338,6.061125543722543
CAM_WINDOW,T1Kb,T2Ka,T1Ka,3464,-0.7064432963088499,1.5284698927947038,2.158778306789404,7.072530711957036,6.830621678195655,14.839446999999996,-8.008825321804341,0.9470335414438948,6.163190967691575
CAM_WINDOW,T1Kd,T3Kb,T1Ka,3464,-0.7880892267885183,2.0956811757593536,2.7485342812915716,8.337840618626664,5.0223428428570855,11.858051999999997,-6.835709157142912,0.5367710903512929,6.166388859863027
CAM_WINDOW,T3Kc,T2Ka,T1Ka,3464,-0.7094159710006296,1.5735326860930532,2.1642496163403404,7.006419389784021,6.650991174704927,14.839446999999996,-8.188455825295069,0.971352796145506,6.258477528987875
CAM_WINDOW,T1Ta2,T2Kd,T1Ka,3464,-2.6742253602112376,2.6742253602112376,3.481325478082306,9.171188799629547,6.667131176018927,12.307118999999997,-5.63998782398107,0.8309890089437937,6.301319390072841
CAM_WINDOW,T2A,T3Kb,T1Ka,3464,-2.0501546708177694,2.2926216439183067,3.464516271118355,9.782296405053437,6.120271945786669,11.858051999999997,-5.737780054213328,0.36572067574548844,6.333406298225019
CAM_WINDOW,T1Ta2,T2Kc,T1Ka,3464,-2.6047755018489718,2.6047755018489718,3.395997102238777,9.313586820752121,6.425018694145535,12.323236999999999,-5.8982183058544635,0.8669812350865145,6.345106255166009
CAM_WINDOW,T1Ta,T2A2,T1Ka,3464,1.5370038211900174,1.8358974132020076,2.712274824916548,8.410645419074115,13.891700587078219,6.622347000000001,7.269353587078218,0.9300860190325932,6.346951618455657
CAM_WINDOW,T2A2,T1Tb,T1Ka,3464,-1.4677438896507067,1.7233423464243514,2.4775065644269114,7.773908170564006,5.246365969883129,13.027245000000004,-7.780879030116875,0.9432954275036476,6.367946079485349
CAM_WINDOW,T2Ka,T1Kd,T1Ka,3464,0.8978045111220908,1.8609983717391732,2.4118216863137834,6.9098626862848285,10.917413837718698,2.8747739999999986,8.0426398377187,0.8979948589878033,6.433141605173133
CAM_WINDOW,T1Ke,T2Ka,T1Ka,3464,-0.767107733791404,1.602282363243751,2.214768731987626,7.199871770040154,6.37922929327766,14.839446999999996,-8.460217706722336,0.9662375619176042,6.444877585348793
CAM_WINDOW,T3Ke,T2Ka,T1Ka,3464,-0.7051175334443348,1.633209004958412,2.2203192629122235,7.16261609520047,6.372140471123885,14.839446999999996,-8.467306528876112,0.9705169712391213,6.453972527350279
CAM_WINDOW,T3Kd,T2Kd,T1Ka,3464,-0.9080049715709392,2.070555496375959,2.627306272644671,7.24409306037991,4.536425706718603,12.307118999999997,-7.7706932932813935,0.7607815790045951,6.512652919285368
CAM_WINDOW,T2Kc,T2A,T1Ka,3464,2.572708635386811,2.572708635386811,3.2317083528519777,7.239705850970715,9.140650175527242,2.5753900000000023,6.565260175527239,0.7578394059506325,6.514338440615598
CAM_WINDOW,T3Ka,T2Kd,T1Ka,3464,-0.5549943616343597,2.2383681510174918,2.680754887629639,7.017864641239889,4.638030831991443,12.307118999999997,-7.669088168008553,0.6087285649644827,6.515298971633916
CAM_WINDOW,T3Ka,T2Kc,T1Ka,3464,-0.4855445032720718,2.1059637701925875,2.584154199427841,7.201785066390151,4.395918350118052,12.323236999999999,-7.927318649881947,0.6740466953366634,6.547813524368815
CAM_WINDOW,T2Kd,T2A,T1Ka,3464,2.6255657603087434,2.6255657603087434,3.2850814187159068,7.163188980950302,9.122626235479686,2.5753900000000023,6.547236235479684,0.7149556240835521,6.558699536455748
CAM_WINDOW,T3Kd,T2Kc,T1Ka,3464,-0.8385551132086636,1.9473038111342216,2.549380635881211,7.400986742456745,4.294313224845212,12.323236999999999,-8.028923775154787,0.812749670728655,6.563842523458605
CAM_WINDOW,T1Tb,T2A,T1Ka,3464,2.436495597559001,2.4468356658609234,3.1835042499596007,7.351770283757098,9.561352053877101,2.5753900000000023,6.985962053877099,0.7732796483090619,6.67648527689815
CAM_WINDOW,T2Ka,T1Ta2,T1Ka,3464,3.3583749891253114,3.378401831233494,4.033384248077043,9.31936043931971,10.917413837718698,5.386839999999999,5.530573837718698,0.6402376821360378,6.798671166936392
CAM_WINDOW,T1Ta2,T1Tb,T1Ka,3464,-2.4106570368752793,2.414805345604591,3.3337239121726543,9.56542237123518,6.034431121719706,13.027245000000004,-6.992813878280298,0.8818125169540675,6.830130851312804
CAM_WINDOW,T1A,T2Kd,T1Ka,3464,-1.4180276060452286,2.4164048879257947,3.1962124310723534,8.53075113184439,5.010075653403874,12.307118999999997,-7.297043346596123,0.45633292732820824,6.844734104370415
CAM_WINDOW,T1A,T2Kc,T1Ka,3464,-1.3485777476829486,2.279089784921282,3.1047118605042647,8.704682393346296,4.767963171530539,12.323236999999999,-7.55527382846946,0.5297077973687504,6.882348774738995
CAM_WINDOW,T1Kd,T2Kd,T1Ka,3464,-1.0595301539513229,2.2940808822302277,2.9192995180371573,8.066479095389141,4.219988740628935,12.307118999999997,-8.087130259371062,0.6466795520850839,6.962864647722688
CAM_WINDOW,T3Ka,T1Tb,T1Ka,3464,-0.29142603829843045,2.2074776388851136,2.6329802430166542,7.412349225412079,4.356725342338848,13.027245000000004,-8.670519657661156,0.7155576643551613,6.968240071847232
CAM_WINDOW,T1Kd,T2Kc,T1Ka,3464,-0.9900802955890452,2.1865122516634132,2.8541775093730513,8.209438814985177,3.9778762587554866,12.323236999999999,-8.345360741244512,0.706482846087787,7.026857879995307
CAM_WINDOW,T3Kd,T1Tb,T1Ka,3464,-0.6444366482349931,2.0536855079072773,2.591107719275984,7.6378810603804155,3.903725652419382,13.027245000000004,-9.123519347580622,0.8456758708589541,7.152867393066295
CAM_WINDOW,T2A,T2Kd,T1Ka,3464,-2.321595597980567,2.673689210292558,3.6932332118783413,9.46635664460679,5.317917843558575,12.307118999999997,-6.989201156441421,0.4931240581732177,7.187833790099052
CAM_WINDOW,T2A,T2Kc,T1Ka,3464,-2.252145739618279,2.5573869423655484,3.6151417675203303,9.610329402615164,5.075805361685184,12.323236999999999,-7.247431638314815,0.5603659932581339,7.238857586677738
CAM_WINDOW,T1A,T1Tb,T1Ka,3464,-1.1544592827092752,2.3626791788871095,3.1106062302069692,8.925511385319801,4.37737559910471,13.027245000000004,-8.649869400895295,0.5765809798517376,7.435540930654616
CAM_WINDOW,T1Ta,T3Ka,T1Ka,3464,-0.27400938158595084,2.480338287788929,2.8463425458781075,7.366278244460553,13.891700587077992,4.655486,9.236214587077992,0.8109213004481656,7.464449839417103
CAM_WINDOW,T1Kd,T1Tb,T1Ka,3464,-0.7959618306153606,2.291066168397122,2.900081410858763,8.460267095389135,3.587288686329714,13.027245000000004,-9.43995631367029,0.7452936708812692,7.620059567693908
CAM_WINDOW,T2A,T1Tb,T1Ka,3464,-2.058027274644657,2.586260830101552,3.5891368482832964,9.86014464460741,4.685217789259241,13.027245000000004,-8.342027210740763,0.6020115987228369,7.760150453653678
CAM_WINDOW,T2Ka,T2A,T1Ka,3464,2.747482536856587,2.7585065089722924,3.6152398222160187,8.488362661305331,10.917413837718414,2.5753900000000023,8.342023837718411,0.8039551981712039,7.786251741075224
CAM_WINDOW,T1Ta,T3Kd,T1Ka,3464,0.26146129349687186,2.3320880294181854,2.8192566566184674,7.755162412205355,13.891700587077992,3.8337749999999993,10.057925587077992,0.9489947167563596,7.848219450157464
CAM_WINDOW,T1Ta,T1A,T1Ka,3464,0.9724957161780513,2.624341341470063,3.38644326396027,9.814946450236718,13.891700587077082,4.474755000000002,9.41694558707708,0.6082022531645338,8.09491605749881
CAM_WINDOW,T2A2,T2Ka,T1Ka,3464,-1.9442365160866075,2.2065430901041663,3.143338570967814,9.31698613585474,4.823563953878704,14.839446999999996,-10.015883046121292,0.9432283929259428,8.15128009402846
CAM_WINDOW,T1Ta,T1Ta2,T1Ka,3464,2.9108906240595895,2.9108906240595895,3.926122942018361,10.664242631175462,13.891700587077992,5.386839999999999,8.504860587077992,0.9032343579559209,8.178553235557358
CAM_WINDOW,T3Ka,T2Ka,T1Ka,3464,-0.7679186647343322,2.3694498860506656,2.999242081499068,8.863174839099777,4.356725342338848,14.839446999999996,-10.482721657661148,0.8316082988378376,8.240602910329642
CAM_WINDOW,T3Kd,T2Ka,T1Ka,3464,-1.1209292746709019,2.3525657173115255,3.085575349963219,9.139274391831755,3.784141080504469,14.839446999999996,-11.055305919495527,0.9245532004799393,8.613228309710983
CAM_WINDOW,T1Ta2,T2Ka,T1Ka,3464,-2.8871496633112033,2.8909800607439595,3.985731372878936,11.104516715179393,5.570345805856675,14.839446999999996,-9.269101194143321,0.8988893171255097,8.620281969950597
CAM_WINDOW,T1Ta,T1Kd,T1Ka,3464,0.45032014605635784,2.676498877707433,3.2575374032711593,9.027439631175124,13.891700587077537,2.8747739999999986,11.016926587077538,0.8101107261786036,8.766000696809929
CAM_WINDOW,T1A,T2Ka,T1Ka,3464,-1.6309519091452227,2.6762430588901136,3.5892592053120462,10.382819767560257,3.913290283241679,14.839446999999996,-10.926156716758317,0.716097936503846,9.052337563691205
CAM_WINDOW,T1Kd,T2Ka,T1Ka,3464,-1.2724544570513077,2.6123345250624443,3.4072943476452777,9.989545974051403,3.1232033704666833,14.839446999999996,-11.716243629533313,0.8536977286488366,9.265416162411935
CAM_WINDOW,T2A,T2Ka,T1Ka,3464,-2.534519901080526,3.0301681011555686,4.174748483006928,11.362901933004999,4.221132473396324,14.839446999999996,-10.618314526603672,0.7158876504856837,9.483905746308764
CAM_WINDOW,T3Kb,T1Ta,T1Ka,3464,0.16921354550523104,3.3576579287163844,4.009009567724037,11.601097684217613,9.600218578892907,20.998882000000002,-11.398663421107095,0.7672805400912915,9.708341278277585
CAM_WINDOW,T1Ta,T2A,T1Ka,3464,2.299998171790838,2.9231308495033295,4.154226355388237,11.021070912726898,13.891700587076457,2.5753900000000023,11.316310587076455,0.5079574604332943,9.812381648926465
CAM_WINDOW,T1Kb,T1Ta,T1Ka,3464,0.11734372770865881,3.3593656387243422,4.074303672745008,12.657239962084383,9.48613053992699,20.998882000000002,-11.512751460073012,0.7866796470288457,9.830679402781513
CAM_WINDOW,T2Kd,T1Ta,T1Ka,3464,0.3498848318476303,3.6069356179100507,4.194191198891039,11.579337704711456,9.706718325296436,20.998882000000002,-11.292163674703566,0.6952788681036445,9.840273036242822
CAM_WINDOW,T1Kc,T1Ta,T1Ka,3464,0.0025337833386081996,3.4745718230654257,4.2036116010989515,12.517934268498202,9.538873337430232,20.998882000000002,-11.46000866256977,0.7245529610688475,9.933615932383837
CAM_WINDOW,T2Ka,T1Ta,T1Ka,3464,0.47180160839544744,4.25374954056764,4.907396140229374,11.855593168390264,10.91741383771921,20.998882000000002,-10.081468162280792,0.46456377376066493,9.94813022136977
CAM_WINDOW,T1Tb,T1Ta,T1Ka,3464,0.1608146690979024,3.7901548277853054,4.451874156445351,11.839765794304974,9.890394146245683,20.998882000000002,-11.108487853754319,0.60320169652903,10.00611808332251
CAM_WINDOW,T3Kc,T1Ta,T1Ka,3464,0.11437105301694665,3.523233191061628,4.235993368873359,12.599125998555415,9.38663008127503,20.998882000000002,-11.612251918724972,0.7498298217144419,10.042119328235845
CAM_WINDOW,T2Kc,T1Ta,T1Ka,3464,0.2970277069256816,3.752004343757848,4.36012700670487,11.675634729313622,9.626031146168998,20.998882000000002,-11.372850853831004,0.6408052580025149,10.046552433620372
CAM_WINDOW,T2A2,T1Ta,T1Ka,3464,-1.120449492069052,3.409118614270142,4.613495883278905,14.620777717290501,9.760101444507654,20.998882000000002,-11.238780555492347,0.7232361457320657,10.232886161025078
CAM_WINDOW,T1Ke,T1Ta,T1Ka,3464,0.05667929022606229,3.7029296838086254,4.424548294749728,12.943526295983382,9.28800322957062,20.998882000000002,-11.710878770429382,0.6756850965194876,10.27998767996442
CAM_WINDOW,T1Ta2,T1Ta,T1Ka,3464,-2.0633626392936755,3.4751940521724554,5.156909749291492,16.305406817741655,10.548166596344174,20.998882000000002,-10.450715403655828,0.6349832142503921,10.382267451119406
CAM_WINDOW,T3Ke,T1Ta,T1Ka,3464,0.1186694905732187,3.7915536735927757,4.5186278153661,12.86968857899793,9.202707310340656,20.998882000000002,-11.796174689659345,0.6453822271231361,10.416715160195773
CAM_WINDOW,T3Kd,T1Ta,T1Ka,3464,-0.2971422506533679,4.079276646315668,5.019943911012447,14.538108146087687,8.417461127043964,20.998882000000002,-12.581420872956038,0.5080186567171863,11.310654347490466
CAM_WINDOW,T3Ka,T1Ta,T1Ka,3464,0.0558683592831727,4.362745516208797,5.200549051197599,14.337894697790453,8.51906625231669,20.998882000000002,-12.479815747683311,0.3458870429736109,11.440456925039253
CAM_WINDOW,T2A,T1Ta,T1Ka,3464,-1.7107328770630228,4.082944914256299,5.601847346742734,16.670035981255708,9.198953263883823,20.998882000000002,-11.799928736116179,0.2634788125883707,11.501811714800823
CAM_WINDOW,T1A,T1Ta,T1Ka,3464,-0.8071648851276924,4.3105111600370565,5.454694557283465,15.829447725337296,8.891111073729235,20.998882000000002,-12.107770926270767,0.1973954175364144,11.508580020418847
CAM_WINDOW,T1Kd,T1Ta,T1Ka,3464,-0.44866743303373513,4.219634250056915,5.2237726091689085,15.225036837290432,8.101024160954239,20.998882000000002,-12.897857839045763,0.3949360338609486,11.672701528691789
